导演,年份,票房,类型,片长,上映时间
战狼2,2017,567886.1万,动作/战争/军事,123min,2017-7-27
红海行动,2018,364730.6万,动作/剧情/犯罪,138min,2018-2-16
唐人街探案2,2018,339666.2万,喜剧/动作/悬疑,120min,2018-2-16
美人鱼,2016,339210.9万,喜剧/爱情/科幻/怀旧,93min,2016-2-8
捉妖记,2015,244001.7万,奇幻/喜剧,118min,2015-7-16
捉妖记2,2018,223665.6万,喜剧/奇幻,111min,2018-2-16
羞羞的铁拳,2017,220174.9万,喜剧/运动,100min,2017-9-30
变形金刚4：绝迹重生,2014,197752.2万,科幻/动作/冒险,166min,2014-6-27
前任3：再见前任,2017,194050.7万,喜剧/爱情,120min,2017-12-29
功夫瑜伽,2017,175259.5万,喜剧/动作/冒险,108min,2017-1-28
寻龙诀,2015,168274.1万,动作/冒险/惊悚,125min,2015-12-18
西游伏妖篇,2017,165592.8万,奇幻/喜剧,108min,2017-1-28
港,2015,161410.3万,喜剧/怀旧,114min,2015-9-25
夏洛特烦恼,2015,144161.1万,喜剧/爱情/青春,104min,2015-9-30
芳华,2017,142241.5万,战争/剧情/爱情,136min,2017-12-15
后来的我们,2018,2.1万,爱情/剧情,120min,2018-4-28
人再逋局泰,2012,127192.9万,喜剧/公路,105min,2012-12-12
西游降魔篇,2013,124699.1万,奇幻/喜剧/冒险,110min,2013-2-10
西游记之孙悟空三打白骨精,2016,120100.8万,奇幻/动作/喜剧,120min,2016-2-8
湄公河行动,2016,118465.0万,动作/犯罪/剧情,124min,2016-9-30
长城,2016,117456.9万,奇幻/动作/冒险,104min,2016-12-16
心花路放,2014,116934.4万,喜剧/爱情/公路,118min,2014-9-30
煎饼侠,2015,116275.7万,喜剧/爱情,113min,2015-7-17
澳门风云3,2016,111817.7万,喜剧/动作,112min,2016-2-8
乘风破浪,2017,104853.0万,剧情,102min,2017-1-28
西游记之大闹天宫,2014,104549.6万,奇幻/动作/爱情,119min,2014-1-31
盗墓笔记,2016,100453.0万,奇幻/悬疑,123min,2016-8-5
功夫熊猫3,2016,100199.8万,动画/动作/冒险/喜剧,95min,2016-1-29
澳门风云2,2015,97485.6万,喜剧/动作,110min,2015-2-19
西游记之大圣归来,2015,95652.1万,动画/动作,90min,2015-7-10
老炮儿,2015,90279.8万,剧情/亲情/动作/犯罪,137min,2015-12-24
绝地逃亡,2016,88950.1万,动作/喜剧/冒险,120min,2016-7-21
智取威虎山,2014,88275.2万,动作/战争/冒险,141min,2014-12-23
十二生肖,2012,88118.1万,动作/冒险/喜剧,122min,2012-12-20
碟中谍5：神秘国度,2015,86976.9万,动作/冒险/惊悚,131min,2015-9-8
超时空同居,2018,124.6万,奇幻/爱情/喜剧,101min,2018-5-18
唐人街探案,2015,82441.9万,喜剧/动作/悬疑,135min,2015-12-31
从你的全世界路过,2016,81423.0万,爱情/喜剧,113min,2016-9-29
北京遇上西雅图之不二情书,2016,78679.9万,爱情/喜剧,129min,2016-4-29
叶问3,2016,77031.0万,动作/传记,110min,2016-3-4
大闹天竺,2017,75792.8万,喜剧/动作/冒险,100min,2017-1-28
钢铁侠3,2013,75486.7万,科幻/动作/冒险,134min,2013-5-1
无问西东,2018,75394.6万,爱情/战争/剧情,138min,2018-1-12
天将雄师,2015,74417.7万,动作/古装/战争/爱情,127min,2015-2-19
西游记女儿国,2018,72721.3万,喜剧/爱情/动作/奇幻,116min,2018-2-16
致我们终将逝去的青春,2013,71918.2万,爱情/青春,132min,2013-4-26
私人订制,2013,71380.1万,喜剧/贺岁,null,2013-12-19
狼图腾,2015,70424.9万,剧情/冒险,121min,2015-2-19
画皮2,2012,70210.5万,爱情/奇幻/悬疑,135min,2012-6-28
铁道飞虎,2016,69984.5万,喜剧/动作/战争,124min,2016-12-23
爸爸去哪儿,2014,69673.5万,剧情/真人秀/亲情/综艺大电影,95min,2014-1-31
悟空传,2017,69653.5万,奇幻/动作,123min,2017-7-13
九层妖塔,2015,68293.0万,动作/惊悚/奇幻/冒险,117min,2015-9-30
寒战2,2016,67826.0万,动作/警匪/悬疑,110min,2016-7-8
分手大师,2014,66544.1万,喜剧/爱情,null,2014-6-27
情圣,2016,65885.6万,喜剧/爱情,113min,2016-12-30
让子弹飞,2010,65355.3万,喜剧/动作,132min,2010-12-16
唐山大地震,2010,65015.7万,剧情/亲情/灾难,null,2010-7-22
恶棍天使,2015,64958.8万,喜剧,124min,2015-12-24
后会无期,2014,62881.2万,爱情/公路/文艺,120min,2014-7-24
使徒行者,2016,60630.5万,动作/警匪/悬疑,109min,2016-8-11
熊出没・变形记,2018,60531.9万,动画/冒险/喜剧,90min,2018-2-16
狄仁杰之神都龙王,2013,60077.8万,动作/古装/悬疑,null,2013-9-28
金陵十三钗,2011,59237.0万,战争,185min,2011-12-15
匆匆那年,2014,58849.9万,爱情/青春,100min,2014-12-5
追龙,2017,57465.3万,动作/犯罪,128min,2017-9-30
大鱼海棠,2016,56533.1万,动画/奇幻,90min,2016-7-8
杀破狼2,2015,56049.8万,动作/犯罪/警匪,120min,2015-6-18
战狼,2015,54555.1万,动作/战争,90min,2015-4-2
龙门飞甲,2011,54031.3万,动作,null,2011-12-15
中国合伙人,2013,53879.9万,爱情/励志/青春/友情,null,2013-5-17
英伦对决,2017,53695.3万,动作/犯罪,116min,2017-9-30
三生三世十里桃花,2017,53454.3万,爱情/古装/玄幻,109min,2017-8-3
警察故事2013,2013,53438.8万,动作/警匪,null,2013-12-24
妖猫传,2017,52998.2万,奇幻/爱情/悬疑/古装,129min,2017-12-22
澳门风云,2014,52479.4万,喜剧/动作,93min,2014-1-31
熊出没之奇幻空间,2017,52248.9万,动画/喜剧/儿童,91min,2017-1-28
杀破狼・贪狼,2017,52157.3万,动作/警匪,101min,2017-8-17
小时代3：刺金时代,2014,52156.1万,爱情/青春/职场/友情,126min,2014-7-17
北京遇上西雅图,2013,52016.9万,爱情/喜剧,123min,2013-3-21
一步之遥,2014,51494.8万,喜剧/歌舞/爱情,140min,2014-12-18
滚蛋吧！肿瘤君,2015,51180.3万,喜剧/爱情/励志,128min,2015-8-13
小时代4：灵魂尽头,2015,48842.4万,爱情/青春/喜剧/职场/友情,125min,2015-7-9
左耳,2015,48522.4万,爱情/青春,null,2015-4-24
小时代,2013,48478.3万,爱情/青春,116min,2013-6-27
我不是潘金莲,2016,48373.0万,剧情/喜剧,140min,2016-11-18
摆渡人,2016,48297.4万,喜剧/爱情,128min,2016-12-23
厉害了，我的国,2018,0.4万,纪录片/主旋律,90min,2018-3-2
非诚勿扰2,2010,47159.2万,爱情/喜剧,null,2010-12-22
缝纫机乐队,2017,45671.3万,喜剧/剧情/音乐,117min,2017-9-29
同桌的你,2014,45576.1万,爱情/青春/怀旧,98min,2014-4-25
敢死队3,2014,45326.8万,动作/冒险,127min,2014-9-1
奔跑吧！兄弟,2015,44644.4万,喜剧,90min,2015-1-30
百团大战,2015,41367.3万,战争,null,2015-8-28
京城81号,2014,41227.7万,惊悚/剧情/悬疑,null,2014-7-18
建党伟业,2011,41012.5万,战争,124min,2011-6-15
钟馗伏魔：雪妖魔灵,2015,40923.2万,奇幻/爱情,118min,2015-2-19
北京爱情故事,2014,40555.5万,爱情,null,2014-2-13
建军大业,2017,40319.6万,战争/军事/革命/剧情,133min,2017-7-27
嫌疑人X的献身,2017,40203.3万,剧情/犯罪/悬疑,112min,2017-3-31
道士下山,2015,40078.5万,喜剧/冒险/动作/古装/武侠,123min,2015-7-2
拆弹专家,2017,40049.4万,动作/悬疑/犯罪,120min,2017-4-28
建国大业,2009,39328.9万,剧情/主旋律,135min,2009-9-16
白发魔女传之明月天国,2014,38914.8万,动作/武侠/古装,111min,2014-7-31
爵迹,2016,38290.5万,奇幻/动作/冒险,121min,2016-9-30
栀子花开,2015,37900.8万,爱情/青春,107min,2015-7-10
一九四二,2012,37113.4万,战争/灾难,null,2012-11-29
火锅英雄,2016,37053.7万,剧情/犯罪,95min,2016-4-1
重返20岁,20,36612.4万,喜剧/爱情/怀旧/亲情,131min,2015-1-8
大话西游3,2016,36604.5万,喜剧/奇幻/爱情,93min,2016-9-14
妖铃铃,2017,36292.9万,喜剧,88min,2017-12-29
幕后玩家,2018,35844.8万,剧情/悬疑/犯罪,114min,2018-4-28
何以笙箫默,2015,35351.5万,爱情,107min,2015-4-30
亲爱的,2014,34496.7万,剧情/亲情,130min,2014-9-25
致青春・原来你还在这里,2016,33685.6万,爱情/青春,98min,2016-7-8
敢死队2,2012,33217.9万,动作/惊悚/冒险,103min,2012-9-4
我的特工爷爷,2016,32445.0万,动作/悬疑,99min,2016-4-1
万万没想到,2015,32251.0万,喜剧/古装/冒险,95min,2015-12-18
横冲直撞好莱坞,2015,32235.8万,喜剧/动作/爱情,119min,2015-6-26
失恋33天,2011,32064.0万,爱情/喜剧,109min,2011-11-8
空天猎,2017,31758.7万,动作/战争/军事,115min,2017-9-29
风暴,2013,31475.1万,动作/警匪,null,2013-12-12
窃听风云3,2014,30870.1万,动作/犯罪/惊悚/悬疑,131min,2014-5-29
机器之血,2017,30532.4万,科幻/动作/悬疑,110min,2017-12-22
烈日灼心,2015,30516.3万,剧情/犯罪/悬疑/心理,139min,2015-8-27
心理罪,2017,30397.4万,动作/悬疑,110min,2017-8-11
天机・富春山居图,2013,30031.9万,动作/冒险,null,2013-6-9
奇门遁甲,2017,29964.4万,动作/奇幻/武侠,113min,2017-12-14
小时代2：青木时代,2013,29629.8万,爱情/青春/友情,115min,2013-8-8
熊出没之雪岭熊风,2015,29571.9万,动画/喜剧/冒险,96min,2015-1-30
记忆大师,2017,29292.0万,剧情/悬疑/犯罪,119min,2017-4-28
二代妖精之今生有幸,2017,29207.5万,奇幻/喜剧/爱情,110min,2017-12-29
归来,2014,29146.6万,爱情/传记,111min,2014-5-16
一代宗师,2013,28923.9万,动作/传记,null,2013-1-8
熊出没之熊心归来,2016,28775.4万,动画/喜剧/冒险,96min,2016-1-16
微爱之渐入佳境,2014,28637.2万,爱情/喜剧,120min,2014-12-24
狄仁杰之通天帝国,2010,28620.3万,动作/悬疑/古装,122min,2010-9-29
咱们结婚吧,2015,28448.8万,爱情,127min,2015-4-2
不二神探,2013,28400.5万,喜剧/动作/悬疑,null,2013-6-21
封神传奇,2016,28397.2万,动作/奇幻/剧情,109min,2016-7-29
有一个地方只有我们知道,2015,28365.4万,爱情/喜剧/青春,109min,2015-2-10
十月围城,2009,27970.4万,动作,null,2009-12-17
赤壁(上),2008,27686.5万,战争/动作,150min,2008-7-10
微微一笑很倾城,2016,27584.9万,爱情/奇幻/校园,105min,2016-8-12
催眠大师,2014,27389.3万,惊悚/悬疑/心理,102min,2014-4-29
厨子戏子痞子,2013,27283.9万,喜剧/动作,null,2013-3-29
绣春刀・修罗战场,2017,26569.4万,动作/古装/悬疑,120min,2017-7-19
王牌逗王牌,2016,26034.0万,喜剧/动作/冒险,102min,2016-9-30
非诚勿扰,2008,26000.4万,爱情,null,2008-12-18
无人区,2013,25962.8万,动作/公路/西部,null,2013-12-3
卧虎藏龙：青冥宝剑,2016,25625.1万,动作/冒险,103min,2016-2-19
前任2：备胎反击战,2015,25200.2万,爱情/喜剧,114min,2015-11-6
极盗者,2015,24854.9万,动作/犯罪/冒险,113min,2015-12-4
熊出没之夺宝熊兵,2014,24808.4万,动画,90min,2014-1-17
三枪拍案惊奇,2009,24387.8万,喜剧,94min,2009-12-10
赤壁(下),2009,24354.0万,战争,null,2009-1-7
扫毒,2013,23790.9万,动作/犯罪/警匪,null,2013-11-29
侠盗联盟,2017,23687.3万,动作/冒险,108min,2017-8-11
南极之恋,2018,23435.8万,爱情/灾难/冒险,114min,2018-2-1
听风者,2012,23220.0万,剧情,120min,2012-8-7
叶问2：宗师传奇,2010,23110.5万,动作/剧情,108min,2010-4-27
撒娇女人最好命,2014,23048.5万,爱情,97min,2014-11-28
一生一世,2014,22850.6万,爱情,null,2014-9-5
心理罪之城市之光,2017,22408.0万,剧情/动作/犯罪/悬疑,124min,2017-12-22
爸爸去哪儿2,2015,22351.6万,剧情/综艺大电影/儿童/真人秀,97min,2015-2-19
解忧杂货店,2017,22298.1万,奇幻/剧情,109min,2017-12-29
京城81号2,2017,21881.0万,惊悚/悬疑/恐怖,98min,2017-7-6
失孤,2015,21617.9万,剧情,108min,2015-3-20
我是证人,2015,21527.1万,剧情/悬疑/犯罪,112min,2015-10-30
盲探,2013,21419.6万,动作/惊悚/悬疑,null,2013-7-4
赏金猎人,2016,21350.6万,动作/喜剧/剧情,105min,2016-7-1
新少林寺,2011,21258.1万,动作,null,2011-1-19
喜欢你,2017,21074.8万,爱情/喜剧,107min,2017-4-27
赤道,2015,20973.8万,动作/犯罪,119min,2015-4-30
反贪风暴2,2016,20909.3万,动作/犯罪,95min,2016-9-14
窃听风云2,2011,20896.1万,动作/惊悚,null,2011-8-18
老男孩之猛龙过江,2014,20887.3万,喜剧,97min,2014-7-10
风声,2009,20519.5万,惊悚,null,2009-9-29
闺蜜,2014,20494.0万,爱情/青春,118min,2014-7-30
画皮,2008,20470.8万,爱情,null,2008-9-26
痞子英雄2：黎明升起,2014,20428.8万,动作/犯罪,126min,2014-10-1
逆时营救,2017,20123.3万,科幻/动作/悬疑,106min,2017-6-29
101次求婚,2013,20000.6万,爱情,103min,2013-2-12
四大名捕,2012,19985.3万,动作/古装/悬疑,null,2012-7-12
单身男女2,2014,19858.1万,爱情/喜剧,113min,2014-11-11
解救吾先生,2015,19592.0万,动作/犯罪,107min,2015-9-30
太平轮,2014,19542.3万,爱情/战争,128min,2014-12-2
将爱情进行到底,2011,19364.0万,爱情,null,2011-2-12
分手合约,2013,19284.7万,爱情,null,2013-4-12
四大名捕3,2014,19233.0万,动作/爱情/悬疑/武侠/古装,null,2014-8-22
陆知马俐,2016,19211.8万,爱情/喜剧,120min,2016-7-15
大话西游之大圣娶亲,2017,18920.2万,喜剧/动作/冒险/爱情,95min,2014-10-24
武林外传,2011,19600.0万,喜剧/古装,null,2011-1-26
黄飞鸿之英雄有梦,2014,18422.8万,动作/爱情/武侠/功夫,131min,2014-11-21
赵氏孤儿,2010,18242.7万,动作/古装,null,2010-12-4
全民目击,2013,18119.0万,惊悚/悬疑/犯罪,null,2013-9-13
白蛇传说,2011,18041.3万,爱情/奇幻/动作,null,2011-9-28
谁的青春不迷茫,2016,17990.9万,爱情/青春/友情,108min,2016-4-22
最后的巫师猎人,2016,17989.1万,动作/冒险,106min,2016-1-15
一夜惊喜,2013,17732.6万,爱情/喜剧,null,2013-8-9
春娇救志明,2017,17554.9万,爱情/喜剧,117min,2017-4-28
四大名捕2,2013,17429.3万,动作/悬疑/古装,null,2013-12-6
大魔术师,2012,17364.2万,爱情/动作,null,2012-1-12
新娘大作战,2015,17336.8万,爱情/喜剧,90min,2015-8-20
搜索,2012,17314.8万,爱情/悬疑,116min,2012-7-6
驴得水,2016,17305.8万,喜剧/剧情,111min,2016-10-28
第七子：降魔之战,2015,17294.1万,奇幻/冒险,103min,2015-1-16
二十二,2017,17039.7万,纪录片/剧情,95min,2017-8-14
武侠,2011,17021.6万,动作/武侠,null,2011-7-4
云图,2013,17019.6万,科幻/惊悚/悬疑,null,2013-1-31
祖宗十九代,2018,16979.4万,喜剧/奇幻,100min,2018-2-16
喜羊羊与灰太狼之开心闯龙年,2012,16761.9万,动画,null,2012-1-12
危城,2016,16739.3万,动作/武侠/古装,120min,2016-8-12
最强质,2011,16715.4万,喜剧,null,2011-1-31
七月与安生,2016,16695.2万,爱情/青春/剧情,110min,2016-9-14
比利・林恩的中场战事,2016,16518.2万,战争/剧情,113min,2016-11-11
我的早更女友,2014,16180.2万,爱情/喜剧,98min,2014-12-12
南京！南京！,2009,15981.0万,战争,132min,2009-4-22
怦然星动,2015,15973.9万,爱情,98min,2015-12-3
消失的子弹,2012,15949.7万,动作/悬疑/犯罪,108min,2012-8-14
关云长,2011,15741.9万,动作/传记,null,2011-4-26
大兵小将,2010,15728.7万,动作/喜剧/冒险,96min,2010-2-14
大海啸之鲨口逃生,2012,15709.2万,灾难/动作/冒险/惊悚,null,2012-10-12
非凡任务,2017,15643.0万,动作/剧情/枪战/犯罪,122min,2017-3-31
夏有乔木雅望天堂,2016,15640.7万,爱情/青春,null,2016-8-5
冲上云霄,2015,15631.4万,爱情,100min,2015-2-19
特殊身份,2013,15526.7万,动作/犯罪,null,2013-10-18
快乐到家,2013,15359.9万,喜剧/贺岁,null,2013-1-15
大笑江湖,2010,15166.8万,喜剧/动作/古装,null,2010-12-3
画壁,2011,15066.8万,奇幻/爱情,null,2011-9-29
黄金大劫案,2012,15031.3万,喜剧/动作,108min,2012-4-23
大上海,2012,14975.8万,动作,null,2012-12-21
被偷走的那五年,2013,14940.6万,爱情/青春,null,2013-8-29
谜城,2015,14886.0万,动作/犯罪/惊悚,104min,2015-7-30
万物生长,2015,14831.8万,爱情/青春,105min,2015-4-17
太极1：从零开始,2012,14731.9万,动作/奇幻/武侠,null,2012-9-27
毒战,2013,14695.9万,动作/惊悚/犯罪,108min,2013-4-2
功夫之王,2008,14583.0万,动作,113min,2008-4-24
破风,2015,14529.1万,爱情/运动,126min,2015-8-6
山楂树之恋,2010,14496.9万,爱情,115min,2010-9-15
冰封：重生之门,2014,14269.5万,动作/科幻/喜剧,91min,2014-4-25
白鹿原,2012,14199.4万,剧情,null,2012-9-15
锦衣卫,2010,14186.7万,动作,108min,2010-2-3
倩女幽魂,2011,14093.1万,爱情/奇幻,null,2011-4-19
鸿门宴,2011,13972.2万,动作/战争,null,2011-11-29
王牌保镖,2017,13967.2万,喜剧/动作/冒险,110min,2017-9-22
喜羊羊与灰太狼之兔年顶呱呱,2011,13925.0万,动画,null,2011-1-21
非常幸运,2013,13707.9万,爱情/冒险/喜剧,null,2013-9-17
爱,2012,13673.0万,爱情,null,2012-2-13
精武风云・陈真,2010,14243.0万,动作,null,2010-9-21
追凶者也,2016,13589.8万,剧情/喜剧/犯罪,113min,2016-9-14
王朝的女人・杨贵妃,2015,13393.9万,爱情/古装,120min,2015-7-30
十万个冷笑话2,2017,13363.7万,动画/喜剧,101min,2017-8-18
逃出生天,2013,13307.8万,动作/冒险/灾难,null,2013-9-30
越光宝盒,2010,13064.0万,喜剧,null,2010-3-18
高跟鞋先生,2016,12996.0万,喜剧/爱情,94min,2016-2-14
前任攻略,2014,12968.6万,爱情/喜剧,104min,2014-1-31
环形使者,2012,12948.2万,动作/科幻,null,2012-9-28
全城热恋,2010,12943.5万,爱情/喜剧,94min,2010-2-11
逆战,2012,12940.3万,动作/犯罪,null,2012-1-17
28岁未成年,28,12937.5万,喜剧/爱情/奇幻,109min,2016-12-9
玩命速递：重启之战,2015,12848.8万,动作/犯罪/惊悚,96min,2015-11-20
睡在我上铺的兄弟,2016,12782.1万,爱情/怀旧,95min,2016-4-1
枪王之王,2010,12658.1万,动作,118min,2010-7-2
大卫贝肯之倒霉特工熊,2017,12635.9万,动画/冒险,86min,2017-1-13
极限挑战之皇家宝藏,2016,12551.4万,喜剧/悬疑/真人秀,90min,2016-1-15
父子雄兵,2017,12527.5万,喜剧/亲情,105min,2017-7-21
喜羊羊与灰太狼之喜气羊羊过蛇年,2013,12493.7万,动画,null,2013-1-24
杜拉拉升职记,2010,12441.2万,爱情/都市/时尚/职场,111min,2010-4-15
喜羊羊与灰太狼之虎虎生威,2010,12438.3万,动画,88min,2010-1-29
傲娇与偏见,2017,12425.7万,爱情/喜剧,108min,2017-4-20
罗曼蒂克消亡史,2016,12297.3万,剧情/动作/悬疑,125min,2016-12-16
决战食神,2017,12191.1万,喜剧/爱情/动作,98min,2017-2-10
十万个冷笑话,2014,11987.7万,动画/喜剧,100min,2014-12-31
天台爱情,2013,11983.1万,爱情/歌舞/动作,null,2013-7-11
狂怒,2014,11902.1万,战争/动作,134min,2014-11-21
太极2：英雄崛起,2012,11843.8万,动作/冒险,102min,2012-10-25
一个人的武林,2014,11843.0万,动作/悬疑/惊悚/警匪/功夫/爱情,100min,2014-10-31
激战,2013,11789.1万,动作,null,2013-8-16
爸爸的假期,2015,11634.2万,喜剧,108min,2015-2-19
惊天破,2016,11432.8万,剧情/动作/犯罪/警匪,103min,2016-10-20
鲛珠传,2017,11358.2万,奇幻/动作/爱情/玄幻,108min,2017-8-11
大明猩,2013,11281.6万,喜剧/运动,null,2013-7-18
不可思异,2015,11190.8万,喜剧/科幻,120min,2015-12-4
亲密敌人,2011,11041.9万,爱情/喜剧,null,2011-12-23
21克拉,21,11001.1万,喜剧/爱情,null,2018-4-20
魔警,2014,10833.0万,动作,112min,2014-4-18
游龙戏凤,2009,10813.5万,爱情/喜剧,null,2009-1-26
二次曝光,2012,10738.6万,爱情/悬疑,103min,2012-9-29
十八洞村,2017,10702.9万,剧情/农村,124min,2017-10-13
东北往事之破马张飞,2017,10611.0万,喜剧/动作/剧情,99min,2017-2-3
铜雀台,2012,10606.8万,动作,107min,2012-9-26
追捕,2017,10598.1万,动作/犯罪,107min,2017-11-24
疯狂的赛车,2009,10495.9万,喜剧,null,2009-1-20
七十七天,2017,10362.0万,剧情/冒险,115min,2017-11-3
赛尔号大电影6：圣者无敌,2017,10331.6万,动画/冒险/喜剧,97min,2017-8-18
游戏规则,2017,10312.5万,动作/剧情,126min,2017-2-10
白日焰火,2014,10304.2万,剧情/犯罪/同性/爱情,106min,2014-3-21
财神客栈,2011,10244.5万,喜剧/动作/古装,96min,2011-6-28
梅兰芳,2008,10227.5万,剧情,147min,2008-12-4
绝世高手,2017,10124.5万,喜剧/动作,116min,2017-7-7
临时同居,2014,10108.0万,爱情/喜剧,null,2014-8-21
像素大战,2015,10097.0万,动作/喜剧/科幻,106min,2015-9-15
三少爷的剑,2016,10074.8万,动作/武侠/剧情/古装,107min,2016-12-2
三人行,2016,10053.6万,动作/惊悚/犯罪,null,2016-6-24
大内密探灵灵狗,2009,10022.3万,喜剧,102min,2009-7-30
冈仁波齐,2017,10010.1万,纪录片/剧情,117min,2017-6-20
孔子,2010,9950.9万,剧情/传记,125min,2010-1-22
大灌篮,2008,9582.6万,爱情,null,2008-2-8
绑架者,2017,9572.3万,动作/犯罪,95min,2017-3-31
反贪风暴,2014,9530.0万,动作/反腐,92min,2014-8-16
单身男女,2011,9527.0万,爱情,null,2011-3-31
绣春刀,2014,9323.7万,动作/古装/悬疑,null,2014-8-7
非常完美,2009,9198.7万,爱情,null,2009-8-13
降魔传,2017,9165.1万,奇幻/喜剧,91min,2017-11-17
新大头儿子和小头爸爸2一日成才,2016,9043.7万,动画/儿童,85min,2016-8-19
全城戒备,2010,8997.8万,科幻/动作/惊悚,null,2010-8-6
孤岛惊魂,2011,8905.5万,惊悚/恐怖,95min,2011-7-8
魔宫魅影,2016,8843.9万,惊悚/悬疑/爱情/剧情,104min,2016-4-29
窃听风云,2009,8839.6万,剧情,null,2009-7-24
我想和你好好的,2013,8774.4万,爱情,95min,2013-10-12
大护法,2017,8760.3万,动画/奇幻/武侠,93min,2017-7-13
痞子英雄之全面开战,2012,8744.5万,动作/犯罪,null,2012-6-19
百鸟朝凤,2016,8695.0万,剧情,null,2016-5-6
喜羊羊与灰太狼之飞马奇遇记,2014,8624.2万,动画,null,2014-1-16
八星抱喜,2012,8622.3万,喜剧/爱情,null,2012-1-20
我愿意,2012,8497.3万,爱情/喜剧,null,2012-2-10
叶问,2008,8487.8万,动作,null,2008-12-12
整容日记,2014,8440.7万,喜剧/都市,null,2014-4-4
杨善洲,2011,8346.2万,纪录片/传记,null,2011-7-19
麦兜响当当,2017,8315.9万,动画,81min,2017-3-17
喜羊羊与灰太郎之牛气冲天,2009,8301.4万,动画,90min,2009-12-4
一念天堂,2015,8279.4万,喜剧,102min,2015-12-31
笔仙2,2013,8216.6万,惊悚/悬疑,null,2013-7-16
所以……和黑粉结婚了,2016,8117.7万,爱情,90min,2016-6-30
花木兰,2009,8109.0万,爱情/冒险,114min,2009-11-27
梦想合伙人,2016,8100.9万,爱情/励志/职场/友情,101min,2016-4-29
六福喜事,2014,8090.8万,爱情/喜剧,93min,2014-1-11
等风来,2013,7978.8万,爱情/文艺/公路,null,2013-12-31
密战,2017,7945.4万,动作/战争/革命/悬疑,102min,2017-11-3
小门神,2016,7868.4万,动画/喜剧,107min,2016-1-1
惊天大逆转,2016,7865.2万,剧情/悬疑,110min,2016-7-15
集结号,2007,21041.8万,战争/剧情,124min,2007-12-20
救火英雄,2014,7746.5万,动作,null,2014-1-3
消失的凶手,2015,7716.2万,动作/悬疑,90min,2015-11-27
王的盛宴,2012,7700.2万,动作/古装,null,2012-11-29
洛克王国4：出发！巨人谷,2015,7698.5万,动画/儿童/喜剧,85min,2015-8-13
触不可及,2014,7681.8万,爱情/悬疑,100min,2014-9-19
赛尔号大电影3之战神联盟,2013,7648.1万,动画,null,2013-7-12
战国,2011,7604.9万,战争/古装/爱情,null,2011-4-12
我爱灰太狼2,2013,7549.4万,动画,null,2013-8-1
我爱灰太狼,2012,7534.2万,动画,null,2012-8-10
东成西就2011,2011,7498.0万,喜剧/爱情/动作/音乐,null,2011-11-24
英雄之战,2014,7458.1万,动作/冒险,null,2014-3-21
冰雪女王3：火与冰,2018,7411.7万,动画,89min,2018-4-5
血战湘江,2017,7376.0万,战争/主旋律,118min,2017-6-30
第三种爱情,2015,7325.1万,爱情,113min,2015-9-25
黑猫警长之翡翠之星,2015,7197.4万,动画/喜剧/科幻/动作,90min,2015-8-7
血滴子,2012,7187.3万,动作/武侠,null,2012-12-20
捉迷藏,2016,7145.9万,惊悚/悬疑/剧情,105min,2016-11-4
河东狮吼2,2012,7091.9万,爱情/动作/喜剧/古装,null,2012-8-17
春娇与志明,2012,7059.6万,爱情/喜剧,null,2012-3-30
桃姐,2012,7052.3万,剧情,null,2012-3-8
笑功震武林,2013,7022.3万,喜剧/动作,null,2013-3-8
观音山,2011,6995.1万,爱情,null,2011-3-3
潜艇总动员：海底两万里,2018,6.0万,动画/冒险,75min,2018-6-1
一路惊喜,2015,6974.6万,爱情,120min,2015-2-6
洛克王国2圣龙的心愿,2013,6953.2万,动画,null,2013-1-31
反转人生,2017,6951.0万,喜剧/奇幻,110min,2017-6-29
西风烈,2010,6846.8万,动作/西部/犯罪,null,2010-10-28
摩登年代,2013,6844.9万,喜剧/爱情,null,2013-8-23
有种你爱我,2015,6822.2万,爱情/喜剧,105min,2015-2-6
命中注定,2015,6793.5万,爱情/喜剧,113min,2015-7-24
喜羊羊与灰太狼之羊年喜羊羊,2015,6781.5万,动画/喜剧,86min,2015-1-31
狂兽,2017,6774.1万,动作/犯罪,100min,2017-11-10
欢乐喜剧人,2017,6698.4万,喜剧/真人秀,87min,2017-3-24
我们诞生在中国,2016,6664.6万,纪录片,79min,2016-8-12
露水红颜,2014,6628.8万,爱情,null,2014-11-7
刺陵,2009,6625.8万,动作,110min,2009-12-9
幸福马上来,2018,116.9万,喜剧,null,2018-6-8
飞天,2011,6574.4万,纪录片/传记,null,2011-7-1
神秘世界历险记3,2016,6549.4万,动画/奇幻/冒险,82min,2016-7-29
我知女人心,2011,6537.2万,爱情/喜剧/职场,null,2011-2-3
龙之战,2017,6534.3万,战争/动作,112min,2017-8-4
荡寇风云,2017,6511.7万,战争/动作,129min,2017-5-27
闪光少女,2017,6486.2万,喜剧/音乐,103min,2017-7-20
破・局,2017,6451.0万,动作/剧情/犯罪,112min,2017-8-17
剑雨,2010,6436.5万,动作/武侠,null,2010-9-28
桂宝之爆笑闯宇宙,2015,6427.6万,动画/喜剧,88min,2015-8-6
闺蜜2,2018,6427.9万,喜剧/冒险,109min,2018-3-2
消失爱人,2016,6419.6万,爱情/悬疑,109min,2016-1-15
疯岳撬佳人,2017,6386.4万,爱情/喜剧,94min,2017-2-14
三国之见龙卸甲,2008,6363.6万,战争,102min,2008-4-3
女汉子真爱公式,2016,6338.2万,爱情/喜剧,null,2016-3-18
我是路人甲,2015,6334.2万,喜剧/爱情/青春/励志,135min,2015-7-2
一代宗师3D,2015,6301.8万,动作/传记,111min,2015-1-8
英雄本色2018,2018,6299.0万,动作/剧情,110min,2018-1-18
明月几时有,2017,6294.9万,剧情/战争/文艺,131min,2017-7-1
盗马记,2014,6273.4万,喜剧,null,2014-3-21
危险关系,2012,6271.3万,爱情/悬疑,null,2012-9-27
陪安东尼度过漫长岁月,2015,6265.5万,爱情,90min,2015-11-13
赛尔号4大电影：圣魔之战,2014,6233.1万,动画/冒险,90min,2014-7-10
神秘世界历险记2,2014,6193.8万,动画/冒险,90min,2014-8-8
忠烈杨家将,2013,6181.9万,动作/古装/战争,null,2013-4-4
超级快递,2016,6164.0万,喜剧/动作,91min,2016-12-2
剩者为王,2015,6149.4万,爱情/喜剧/都市/职场,100min,2015-11-6
刺客聂隐娘,2015,6140.6万,动作/武侠/古装,107min,2015-8-27
外公芳龄38,2016,6042.3万,喜剧/剧情,103min,2016-11-11
秦时明月之龙腾万里,2014,5998.0万,动画,90min,2014-8-8
花田喜事2010,2010,5984.1万,喜剧/古装,null,2010-2-10
周恩来的四个昼夜,2013,5964.3万,纪录片/传记,120min,2013-7-16
合约男女,2017,5952.4万,爱情/喜剧,96min,2017-2-14
未来警察,2010,5899.5万,科幻/动作,null,2010-3-30
神笔马良,2014,5864.2万,动画,87min,2014-7-25
最爱,2011,5831.7万,爱情,null,2011-5-10
百星酒店,2013,5830.5万,喜剧,94min,2013-2-1
全球热恋,2011,5826.2万,爱情/喜剧,null,2011-9-8
笔仙,2012,5817.2万,惊悚,94min,2012-7-16
潜艇总动员3：彩虹宝藏,2013,5755.3万,动画,null,2013-5-31
龙之谷：破晓奇兵,2014,5740.9万,动画/爱情,90min,2014-7-31
风云2,2009,5678.4万,奇幻,109min,2009-12-9
从天“儿”降,2015,5663.0万,喜剧/爱情/科幻,99min,2015-12-4
赛尔号5：雷神崛起,2015,5662.0万,动画/儿童/冒险,100min,2015-7-23
唐伯虎点秋香2之四大才子,2010,5609.5万,喜剧/古装,99min,2010-7-9
巨额来电,2017,5581.4万,动作/犯罪/剧情/警匪,123min,2017-12-8
师父,2015,5482.1万,动作/武侠,109min,2015-12-10
脱轨时代,2014,5473.2万,爱情,null,2014-3-7
宫锁沉香,2013,5447.7万,爱情/古装,null,2013-8-13
这就是命,2017,5439.9万,喜剧/犯罪,98min,2017-12-1
暴裂无声,2018,5420.9万,动作/犯罪/悬疑,119min,2018-4-4
快手枪手快枪手,2016,5405.4万,动作/喜剧,115min,2016-7-15
过年好,2016,5404.9万,喜剧,106min,2016-2-1
恋爱中的城市,2015,5365.4万,爱情,115min,2015-8-19
恋爱通告,2010,5302.3万,爱情,null,2010-8-12
线人,2010,5276.3万,动作/惊悚,112min,2010-8-24
新天生一对,2012,5217.8万,爱情/喜剧/亲情,97min,2012-1-23
巴啦啦小魔仙,2013,5180.2万,奇幻/冒险/儿童,null,2013-1-31
黄金时代,2014,5154.4万,爱情/传记/怀旧,179min,2014-10-1
大闹天宫,2012,5110.4万,动画,90min,2012-1-11
太平轮：彼岸,2015,5105.2万,爱情/战争,131min,2015-7-30
遇见你真好,2018,5094.4万,爱情/喜剧,99min,2018-3-29
少年班,2015,5068.7万,喜剧/青春,106min,2015-6-19
神奇侠侣,2011,5061.0万,喜剧,null,2011-2-3
昆塔：反转星球,2017,5040.9万,动画/科幻/冒险,94min,2017-10-1
笔仙3,2014,5038.4万,惊悚/恐怖,100min,2014-7-4
引爆者,2017,5024.2万,动作/犯罪,105min,2017-11-24
机器侠,2009,5020.7万,科幻,102min,2009-8-18
既然青春留不住,2015,5020.4万,爱情/喜剧/怀旧,92min,2015-10-23
辛亥革命,2011,5011.2万,战争,121min,2011-9-23
保持通话,2008,4973.4万,惊悚,null,2008-9-27
杜拉拉追婚记,2015,4971.5万,爱情/喜剧/职场,101min,2015-12-4
谜巢,2018,4943.8万,动作/冒险,91min,2018-1-19
潜艇总动员4：章鱼奇遇记,2014,4910.3万,动画,80min,2014-5-30
麦兜・当当伴我心,2012,4897.6万,动画,80min,2012-7-10
苏乞儿,2010,4897.1万,动作/古装,113min,2010-2-9
十全九美,2008,4884.5万,喜剧,null,2008-8-1
洛克王国3：圣龙的守护,2014,4788.3万,动画,115min,2014-7-10
地球：神奇的一天,2017,4777.6万,纪录片,89min,2017-8-11
奔爱,2016,4751.6万,爱情,137min,2016-2-14
华丽上班族,2015,4750.6万,喜剧/爱情/职场,120min,2015-9-2
功夫梦,2010,4714.5万,动作/功夫,140min,2010-6-22
坏蛋必须死,2015,4705.4万,喜剧/动作/悬疑/犯罪,104min,2015-11-27
常在你左右,2017,4684.3万,惊悚/犯罪/悬疑,90min,2017-10-27
暴疯语,2015,4676.2万,惊悚/悬疑,96min,2015-4-3
潜艇总动员5：时光宝盒,2015,4619.6万,动画/冒险,80min,2015-5-29
猪猪侠之英雄猪少年,2017,4597.5万,动画/喜剧/奇幻/冒险,91min,2017-1-7
神奇,2013,4595.6万,动作/运动/爱情/科幻/励志,105min,2013-9-30
决战刹马镇,2010,4570.3万,喜剧,null,2010-6-22
熊猫总动员,2011,4568.5万,动画,null,2011-2-3
猪猪侠之终极决战,2015,4549.1万,动画/儿童,90min,2015-7-10
谍海风云,2010,4545.6万,惊悚/爱情/悬疑,null,2010-6-17
喵星人,2017,4476.3万,奇幻/喜剧,109min,2017-7-14
铠甲勇士之雅塔莱斯,2014,4441.5万,动画,92min,2014-10-1
麦兜・我和我妈妈,2014,4437.9万,动画,null,2014-10-1
HOLD住爱,2012,4413.6万,爱情/喜剧,null,2012-8-23
我们的十年,2016,4408.5万,爱情/怀旧,90min,2016-9-2
赛尔号之寻找凤凰神兽,2011,4405.9万,动画,null,2011-7-28
倾城之泪,2011,4398.6万,爱情,null,2011-12-22
饭局也疯狂,2012,4381.5万,喜剧,null,2012-1-23
猪猪侠之勇闯巨人岛,2014,4365.0万,动画,88min,2014-5-31
控制,2013,4362.7万,动作/悬疑/犯罪,null,2013-11-22
绣花鞋,2012,4343.2万,惊悚/恐怖,null,2012-3-31
圣诞大赢家,2015,4336.0万,动画/喜剧,85min,2015-12-12
大耳朵图图之美食狂想曲,2017,4328.3万,动画/喜剧/冒险,91min,2017-7-28
冰河追凶,2016,4320.2万,动作/悬疑/犯罪,90min,2016-4-15
大武生,2011,4268.1万,动作/爱情,99min,2011-9-9
十月初五的月光,2015,4261.7万,爱情,null,2015-11-20
新大头儿子和小头爸爸之秘密计划,2014,4244.6万,动画,87min,2014-9-26
真相禁区,2016,4203.8万,动作/悬疑/犯罪,109min,2016-1-22
宅女侦探桂香,2015,4136.9万,爱情/悬疑,98min,2015-8-13
李雷和韩梅梅,2017,4072.2万,爱情/青春,90min,2017-6-9
钢铁飞龙之再见奥特曼,2017,4071.5万,动画/科幻/动作,89min,2017-10-1
江山美人,2008,4078.8万,动作,99min,2008-3-7
毒。诫,2017,4025.4万,动作/传记/犯罪,100min,2017-5-12
辛巴达历险记2013,2013,4022.1万,动画,null,2013-5-31
家有喜事2009,2009,3992.3万,喜剧,null,2009-1-22
摇滚藏獒,2016,3964.7万,动画/音乐,89min,2016-7-8
将错就错,2015,3937.4万,喜剧,92min,2015-3-5
卧底巨星,2018,3925.5万,喜剧/动作,98min,2018-1-12
气喘吁吁,2009,3911.4万,喜剧,90min,2009-8-28
战狼2,2017,567886.1,动作/战争/军事,123min,2017-7-27
红海行动,2018,364730.6,动作/剧情/犯罪,138min,2018-2-16
唐人街探案2,2018,339666.2,喜剧/动作/悬疑,120min,2018-2-16
战狼2,2017,567886.1,动作/战争/军事,123min,2017-7-27
红海行动,2018,364730.6,动作/剧情/犯罪,138min,2018-2-16
唐人街探案2,2018,339666.2,喜剧/动作/悬疑,120min,2018-2-16
美人鱼,2016,339210.9,喜剧/爱情/科幻/怀旧,93min,2016-2-8
捉妖记,2015,244001.7,奇幻/喜剧,118min,2015-7-16
捉妖记2,2018,223665.6,喜剧/奇幻,111min,2018-2-16
羞羞的铁拳,2017,220174.9,喜剧/运动,100min,2017-9-30
变形金刚4：绝迹重生,2014,197752.2,科幻/动作/冒险,166min,2014-6-27
前任3：再见前任,2017,194050.7,喜剧/爱情,120min,2017-12-29
功夫瑜伽,2017,175259.5,喜剧/动作/冒险,108min,2017-1-28
寻龙诀,2015,168274.1,动作/冒险/惊悚,125min,2015-12-18
西游伏妖篇,2017,165592.8,奇幻/喜剧,108min,2017-1-28
港,2015,161410.3,喜剧/怀旧,114min,2015-9-25
夏洛特烦恼,2015,144161.1,喜剧/爱情/青春,104min,2015-9-30
